{
  "Author": "Marethyu",
  "Name": "Where's my mouse Updated",
  "InternalName": "WhereIsMyMouse",
  "AssemblyVersion": "0.0.1.4",
  "Description": "Add UI element on top of the mouse like circle to keep track of your mouse location during gameplay.\nOpen settings with /wmm",
  "ApplicableVersion": "any",
  "RepoUrl": "https://github.com/Pythyu/WhereIsMyMouse",
  "Tags": [
    "mouse",
    "UI",
    "visibility"
  ],
  "DalamudApiLevel": 12,
  "LoadRequiredState": 0,
  "LoadSync": false,
  "CanUnloadAsync": false,
  "LoadPriority": 0,
  "Punchline": "Allows you to not lose track of your mouse on the screen",
  "AcceptsFeedback": true
}